[{"id":"user-image-Zytroniklogo.png","publicUrl":"np://user.desktop.nicepage.com/Site_97919386/images/Zytroniklogo.png","size":55568,"hash":"xF9a2onutoObSvpwCspAtrsvUC4=","fileName":"Zytroniklogo.png","name":"Zytroniklogo","width":1920,"height":387,"thumbnail":{"url":"np://user.desktop.nicepage.com/Site_97919386/images/thumbnails/Zytroniklogo.png","width":250,"height":50},"folderId":null,"usages":[]},{"id":"user-image-Screw.webp","publicUrl":"np://user.desktop.nicepage.com/Site_97919386/images/Screw.webp","size":22536,"fileName":"Screw.webp","name":"Screw","width":256,"height":256,"thumbnail":{"url":"np://user.desktop.nicepage.com/Site_97919386/images/Screw.webp","width":250,"height":250},"usages":["2326111883"]},{"id":"user-image-991997.png","publicUrl":"np://user.desktop.nicepage.com/Site_97919386/images/991997.png","size":2471,"fileName":"991997.png","name":"991997","width":128,"height":128,"thumbnail":{"url":"np://user.desktop.nicepage.com/Site_97919386/images/thumbnails/991997.png","width":128,"height":128,"length":2471},"usages":["2326111883"]},{"id":"user-image-992001.png","publicUrl":"np://user.desktop.nicepage.com/Site_97919386/images/992001.png","size":1839,"fileName":"992001.png","name":"992001","width":128,"height":128,"thumbnail":{"url":"np://user.desktop.nicepage.com/Site_97919386/images/thumbnails/992001.png","width":128,"height":128,"length":1839},"usages":["2326111883"]},{"id":"user-image-Iron_Ingot.webp","publicUrl":"np://user.desktop.nicepage.com/Site_97919386/images/Iron_Ingot.webp","size":11504,"fileName":"Iron_Ingot.webp","name":"Iron_Ingot","width":256,"height":256,"thumbnail":{"url":"np://user.desktop.nicepage.com/Site_97919386/images/Iron_Ingot.webp","width":250,"height":250},"usages":["2326111883"]},{"id":"user-image-Iron_Plate.webp","publicUrl":"np://user.desktop.nicepage.com/Site_97919386/images/Iron_Plate.webp","size":34542,"fileName":"Iron_Plate.webp","name":"Iron_Plate","width":500,"height":500,"thumbnail":{"url":"np://user.desktop.nicepage.com/Site_97919386/images/Iron_Plate.webp","width":250,"height":250},"usages":["2326111883"]},{"id":"user-image-Iron_Rod.webp","publicUrl":"np://user.desktop.nicepage.com/Site_97919386/images/Iron_Rod.webp","size":11808,"fileName":"Iron_Rod.webp","name":"Iron_Rod","width":256,"height":256,"thumbnail":{"url":"np://user.desktop.nicepage.com/Site_97919386/images/Iron_Rod.webp","width":250,"height":250},"usages":["2326111883"]},{"id":"user-image-991999.png","publicUrl":"np://user.desktop.nicepage.com/Site_97919386/images/991999.png","size":2211,"fileName":"991999.png","name":"991999","width":128,"height":128,"thumbnail":{"url":"np://user.desktop.nicepage.com/Site_97919386/images/thumbnails/991999.png","width":128,"height":128,"length":2211},"usages":["2326111883"]},{"id":"user-image-biker-384921_960_7202.jpg","publicUrl":"np://user.desktop.nicepage.com/Site_97919386/images/biker-384921_960_7202.jpg","size":78235,"fileName":"biker-384921_960_7202.jpg","name":"biker-384921_960_7202","width":581,"height":581,"thumbnail":{"url":"np://user.desktop.nicepage.com/Site_97919386/images/thumbnails/biker-384921_960_7202.jpg","width":250,"height":250},"usages":["2326111883"]},{"id":"user-image-nutzer.png","publicUrl":"np://user.desktop.nicepage.com/Site_97919386/images/nutzer.png","size":16137,"fileName":"nutzer.png","name":"nutzer","width":512,"height":512,"thumbnail":{"url":"np://user.desktop.nicepage.com/Site_97919386/images/thumbnails/nutzer.png","width":250,"height":250},"usages":["2326111883"]},{"id":"user-image-portrait-questioned-good-looking-european-father-sitting-table-with-bored-upset-sons-shrugging-with-raised-palms-being-clueless-how-raise-boys-alone2.jpg","publicUrl":"np://user.desktop.nicepage.com/Site_97919386/images/portrait-questioned-good-looking-european-father-sitting-table-with-bored-upset-sons-shrugging-with-raised-palms-being-clueless-how-raise-boys-alone2.jpg","size":463789,"fileName":"portrait-questioned-good-looking-european-father-sitting-table-with-bored-upset-sons-shrugging-with-raised-palms-being-clueless-how-raise-boys-alone2.jpg","name":"portrait-questioned-good-looking-european-father-sitting-table-with-bored-upset-sons-shrugging-with-raised-palms-being-clueless-how-raise-boys-alone2","width":1920,"height":1920,"thumbnail":{"url":"np://user.desktop.nicepage.com/Site_97919386/images/thumbnails/portrait-questioned-good-looking-european-father-sitting-table-with-bored-upset-sons-shrugging-with-raised-palms-being-clueless-how-raise-boys-alone2.jpg","width":250,"height":250},"usages":["2326111883"]},{"id":"user-image-ss_82146a9623d49f38747e83223245c91a4cb71f32.jpg","publicUrl":"np://user.desktop.nicepage.com/Site_97919386/images/ss_82146a9623d49f38747e83223245c91a4cb71f32.jpg","size":568073,"fileName":"ss_82146a9623d49f38747e83223245c91a4cb71f32.jpg","name":"ss_82146a9623d49f38747e83223245c91a4cb71f32","width":1920,"height":1080,"thumbnail":{"url":"np://user.desktop.nicepage.com/Site_97919386/images/thumbnails/ss_82146a9623d49f38747e83223245c91a4cb71f32.jpg","width":250,"height":141},"usages":["2326111883"]}]